-- phpMyAdmin SQL Dump
-- version 5.0.4
-- https://www.phpmyadmin.net/
--
-- Host: 127.0.0.1
-- Generation Time: May 26, 2021 at 03:26 PM
-- Server version: 10.4.17-MariaDB
-- PHP Version: 7.4.15

SET SQL_MODE = "NO_AUTO_VALUE_ON_ZERO";
START TRANSACTION;
SET time_zone = "+00:00";


/*!40101 SET @OLD_CHARACTER_SET_CLIENT=@@CHARACTER_SET_CLIENT */;
/*!40101 SET @OLD_CHARACTER_SET_RESULTS=@@CHARACTER_SET_RESULTS */;
/*!40101 SET @OLD_COLLATION_CONNECTION=@@COLLATION_CONNECTION */;
/*!40101 SET NAMES utf8mb4 */;

--
-- Database: `digiprint`
--

-- --------------------------------------------------------

--
-- Table structure for table `messagein`
--

CREATE TABLE `messagein` (
  `Id` int(11) NOT NULL,
  `SendTime` datetime DEFAULT NULL,
  `ReceiveTime` datetime DEFAULT NULL,
  `MessageFrom` varchar(80) DEFAULT NULL,
  `MessageTo` varchar(80) DEFAULT NULL,
  `SMSC` varchar(80) DEFAULT NULL,
  `MessageText` text DEFAULT NULL,
  `MessageType` varchar(80) DEFAULT NULL,
  `MessageParts` int(11) DEFAULT NULL,
  `MessagePDU` text DEFAULT NULL,
  `Gateway` varchar(80) DEFAULT NULL,
  `UserId` varchar(80) DEFAULT NULL
) ENGINE=InnoDB DEFAULT CHARSET=utf8mb4;

-- --------------------------------------------------------

--
-- Table structure for table `messagelog`
--

CREATE TABLE `messagelog` (
  `Id` int(11) NOT NULL,
  `SendTime` datetime DEFAULT NULL,
  `ReceiveTime` datetime DEFAULT NULL,
  `StatusCode` int(11) DEFAULT NULL,
  `StatusText` varchar(80) DEFAULT NULL,
  `MessageTo` varchar(80) DEFAULT NULL,
  `MessageFrom` varchar(80) DEFAULT NULL,
  `MessageText` text DEFAULT NULL,
  `MessageType` varchar(80) DEFAULT NULL,
  `MessageId` varchar(80) DEFAULT NULL,
  `ErrorCode` varchar(80) DEFAULT NULL,
  `ErrorText` varchar(80) DEFAULT NULL,
  `Gateway` varchar(80) DEFAULT NULL,
  `MessageParts` int(11) DEFAULT NULL,
  `MessagePDU` text DEFAULT NULL,
  `Connector` varchar(80) DEFAULT NULL,
  `UserId` varchar(80) DEFAULT NULL,
  `UserInfo` text DEFAULT NULL
) ENGINE=InnoDB DEFAULT CHARSET=utf8mb4;

-- --------------------------------------------------------

--
-- Table structure for table `messageout`
--

CREATE TABLE `messageout` (
  `Id` int(11) NOT NULL,
  `MessageTo` varchar(80) DEFAULT NULL,
  `MessageFrom` varchar(80) DEFAULT NULL,
  `MessageText` text DEFAULT NULL,
  `MessageType` varchar(80) DEFAULT NULL,
  `Gateway` varchar(80) DEFAULT NULL,
  `UserId` varchar(80) DEFAULT NULL,
  `UserInfo` text DEFAULT NULL,
  `Priority` int(11) DEFAULT NULL,
  `Scheduled` datetime DEFAULT NULL,
  `ValidityPeriod` int(11) DEFAULT NULL,
  `IsSent` tinyint(1) NOT NULL DEFAULT 0,
  `IsRead` tinyint(1) NOT NULL DEFAULT 0
) ENGINE=InnoDB DEFAULT CHARSET=utf8mb4;

-- --------------------------------------------------------

--
-- Table structure for table `tblautonumber`
--

CREATE TABLE `tblautonumber` (
  `ID` int(11) NOT NULL,
  `AUTOSTART` varchar(11) NOT NULL,
  `AUTOINC` int(11) NOT NULL,
  `AUTOEND` int(11) NOT NULL,
  `AUTOKEY` varchar(12) NOT NULL,
  `AUTONUM` int(30) NOT NULL
) ENGINE=InnoDB DEFAULT CHARSET=latin1;

--
-- Dumping data for table `tblautonumber`
--

INSERT INTO `tblautonumber` (`ID`, `AUTOSTART`, `AUTOINC`, `AUTOEND`, `AUTOKEY`, `AUTONUM`) VALUES
(1, '2', 1, 46, 'PROID', 10),
(2, '0', 1, 101, 'ordernumber', 0);

-- --------------------------------------------------------

--
-- Table structure for table `tblcategory`
--

CREATE TABLE `tblcategory` (
  `CATEGID` int(11) NOT NULL,
  `CATEGORIES` varchar(255) NOT NULL,
  `USERID` int(11) NOT NULL
) ENGINE=InnoDB DEFAULT CHARSET=latin1;

--
-- Dumping data for table `tblcategory`
--

INSERT INTO `tblcategory` (`CATEGID`, `CATEGORIES`, `USERID`) VALUES
(5, 'PRINT', 0),
(11, 'BANNER', 0),
(12, 'BROSUR', 0),
(13, 'KALENDER', 0),
(14, 'POSTER', 0),
(15, 'STIKER', 0),
(16, 'MAP', 0),
(17, 'CARTRIDGE', 0);

-- --------------------------------------------------------

--
-- Table structure for table `tblcustomer`
--

CREATE TABLE `tblcustomer` (
  `CUSTOMERID` int(11) NOT NULL,
  `FNAME` varchar(30) NOT NULL,
  `LNAME` varchar(30) NOT NULL,
  `MNAME` varchar(30) NOT NULL,
  `CUSHOMENUM` varchar(90) NOT NULL,
  `STREETADD` text NOT NULL,
  `BRGYADD` text NOT NULL,
  `CITYADD` text NOT NULL,
  `PROVINCE` varchar(80) NOT NULL,
  `COUNTRY` varchar(30) NOT NULL,
  `DBIRTH` date NOT NULL,
  `GENDER` varchar(10) NOT NULL,
  `PHONE` varchar(20) NOT NULL,
  `EMAILADD` varchar(40) NOT NULL,
  `ZIPCODE` int(6) NOT NULL,
  `CUSUNAME` varchar(20) NOT NULL,
  `CUSPASS` varchar(90) NOT NULL,
  `CUSPHOTO` varchar(255) NOT NULL,
  `TERMS` tinyint(4) NOT NULL,
  `DATEJOIN` date NOT NULL
) ENGINE=InnoDB DEFAULT CHARSET=latin1;

--
-- Dumping data for table `tblcustomer`
--

INSERT INTO `tblcustomer` (`CUSTOMERID`, `FNAME`, `LNAME`, `MNAME`, `CUSHOMENUM`, `STREETADD`, `BRGYADD`, `CITYADD`, `PROVINCE`, `COUNTRY`, `DBIRTH`, `GENDER`, `PHONE`, `EMAILADD`, `ZIPCODE`, `CUSUNAME`, `CUSPASS`, `CUSPHOTO`, `TERMS`, `DATEJOIN`) VALUES
(14, 'Test', 'Order', '', '', '', '', 'Jalan', '', '', '0000-00-00', 'Laki-laki', '0895324234234', '', 0, 'test', 'f988c245b3c789a608b34cd1b7c1b612542dbd09', '', 1, '2021-03-31'),
(15, 'aa', 'ab', '', '', '', '', 'asda', '', '', '0000-00-00', '', '0895324234234', '', 0, 'a', '5baa61e4c9b93f3f0682250b6cf8331b7ee68fd8', 'customer_image/index.jpg', 1, '2021-05-26');

-- --------------------------------------------------------

--
-- Table structure for table `tblorder`
--

CREATE TABLE `tblorder` (
  `ORDERID` int(11) NOT NULL,
  `PROID` int(11) NOT NULL,
  `ORDEREDQTY` int(11) NOT NULL,
  `ORDEREDPRICE` double NOT NULL,
  `ORDEREDNUM` int(11) NOT NULL,
  `USERID` int(11) NOT NULL
) ENGINE=InnoDB DEFAULT CHARSET=latin1;

--
-- Dumping data for table `tblorder`
--

INSERT INTO `tblorder` (`ORDERID`, `PROID`, `ORDEREDQTY`, `ORDEREDPRICE`, `ORDEREDNUM`, `USERID`) VALUES
(5, 201737, 1, 500, 96, 0),
(6, 201737, 1, 400, 98, 0),
(7, 201737, 1, 400, 99, 0),
(8, 201737, 1, 400, 100, 0);

-- --------------------------------------------------------

--
-- Table structure for table `tblproduct`
--

CREATE TABLE `tblproduct` (
  `PROID` int(11) NOT NULL,
  `PRODESC` varchar(255) DEFAULT NULL,
  `INGREDIENTS` varchar(255) NOT NULL,
  `PROQTY` int(11) DEFAULT NULL,
  `ORIGINALPRICE` double NOT NULL,
  `PROPRICE` double DEFAULT NULL,
  `CATEGID` int(11) DEFAULT NULL,
  `IMAGES` varchar(255) DEFAULT NULL,
  `PROSTATS` varchar(30) DEFAULT NULL,
  `OWNERNAME` varchar(90) NOT NULL,
  `OWNERPHONE` varchar(90) NOT NULL
) ENGINE=InnoDB DEFAULT CHARSET=latin1;

--
-- Dumping data for table `tblproduct`
--

INSERT INTO `tblproduct` (`PROID`, `PRODESC`, `INGREDIENTS`, `PROQTY`, `ORIGINALPRICE`, `PROPRICE`, `CATEGID`, `IMAGES`, `PROSTATS`, `OWNERNAME`, `OWNERPHONE`) VALUES
(201737, 'Ukuran A5 (21 cm x 14,8 cm)\r\nCetak	: 2 sisi \r\nKertas	: Artpaper\r\nJumlah Kertas	: 1000 lembar\r\n', '', 996, 4, 400, 12, 'uploaded_photos/brosur A5.jpg', 'Available', 'DigiPrint', ''),
(201738, 'Ukuran A4 (29,7 cm x 21 cm)\r\nCetak	: 2 sisi\r\nKertas	: Artpaper\r\nJumlah Kertas	: 500 lembar\r\n', '', 1000, 150, 580, 12, 'uploaded_photos/brosur a4.jpg', 'Available', 'DigiPrint', ''),
(201739, 'Stiker Kromo Premium\r\nCetak : Fullcollor 1 sisi(4/0)\r\nFinishing : Tanpa Potong dan Laminasi\r\nUkuran Cetak : 31x47 cm\r\n', '', 1000, 250, 5.5, 18, 'uploaded_photos/stiker kromo.jpg', 'Available', 'DigiPrint', ''),
(201740, 'Stiker Label Kiss Cut, Stiker yang dipotong model bulat, cocok sekali ntuk label usahamu\r\nBahan : Stiker Kromo\r\nFinishing : Laminasi Matt/Doff\r\nDiameter : 3–4.9 cm', '', 1000, 100, 20, 18, 'uploaded_photos/Label Kiss cut.jpg', 'Available', 'DigiPrint', ''),
(201741, 'Stiker Label Offset, Stiker Label Offset cocok untuk label produk anda yang di produksi \r\nsecara massal\r\nBahan : Stiker Kromo\r\nUkuran : A6\r\nJumlah : 500 lembar \r\nBonus : 50 lembar\r\n', '', 1000, 50, 560, 18, 'uploaded_photos/Offset.jpg', 'Available', 'DigPrint', ''),
(201742, 'Rollup Banner\r\nRollup Banner biasa digunakan karena praktis dan tahan lama. Model ini juga elegan sehingga cocok dipasang dimana saja.\r\nBahan : Albatros Laminasi Ukuran : 60x160 cm\r\n', '', 1000, 250, 287, 14, 'uploaded_photos/Rollbanner.jpg', 'Available', 'Digi Print', '');

-- --------------------------------------------------------

--
-- Table structure for table `tblpromopro`
--

CREATE TABLE `tblpromopro` (
  `PROMOID` int(11) NOT NULL,
  `PROID` int(11) NOT NULL,
  `PRODISCOUNT` double NOT NULL,
  `PRODISPRICE` char(20) DEFAULT NULL,
  `PROBANNER` tinyint(4) NOT NULL,
  `PRONEW` tinyint(4) NOT NULL
) ENGINE=InnoDB DEFAULT CHARSET=latin1;

--
-- Dumping data for table `tblpromopro`
--

INSERT INTO `tblpromopro` (`PROMOID`, `PROID`, `PRODISCOUNT`, `PRODISPRICE`, `PROBANNER`, `PRONEW`) VALUES
(1, 201737, 0, '400.000', 0, 0),
(2, 201738, 20, '580.000', 0, 0),
(3, 201739, 25, '5.250', 0, 0),
(4, 201740, 5, '15.000', 0, 0),
(5, 201741, 10, '550.000', 0, 0),
(6, 201742, 87, '200.000', 0, 0);

-- --------------------------------------------------------

--
-- Table structure for table `tblsetting`
--

CREATE TABLE `tblsetting` (
  `SETTINGID` int(11) NOT NULL,
  `PLACE` text NOT NULL,
  `BRGY` varchar(90) NOT NULL,
  `DELPRICE` double NOT NULL
) ENGINE=InnoDB DEFAULT CHARSET=latin1;

-- --------------------------------------------------------

--
-- Table structure for table `tblstockin`
--

CREATE TABLE `tblstockin` (
  `STOCKINID` int(11) NOT NULL,
  `STOCKDATE` datetime DEFAULT NULL,
  `PROID` int(11) DEFAULT NULL,
  `STOCKQTY` int(11) DEFAULT NULL,
  `STOCKPRICE` double DEFAULT NULL,
  `USERID` int(11) DEFAULT NULL
) ENGINE=InnoDB DEFAULT CHARSET=latin1;

-- --------------------------------------------------------

--
-- Table structure for table `tblsummary`
--

CREATE TABLE `tblsummary` (
  `SUMMARYID` int(11) NOT NULL,
  `ORDEREDDATE` datetime NOT NULL,
  `CUSTOMERID` int(11) NOT NULL,
  `ORDEREDNUM` int(11) NOT NULL,
  `DELFEE` double NOT NULL,
  `PAYMENT` double NOT NULL,
  `PAYMENTMETHOD` varchar(30) NOT NULL,
  `ORDEREDSTATS` varchar(30) NOT NULL,
  `ORDEREDREMARKS` varchar(125) NOT NULL,
  `CLAIMEDADTE` datetime NOT NULL,
  `HVIEW` tinyint(4) NOT NULL,
  `USERID` int(11) NOT NULL
) ENGINE=InnoDB DEFAULT CHARSET=latin1;

--
-- Dumping data for table `tblsummary`
--

INSERT INTO `tblsummary` (`SUMMARYID`, `ORDEREDDATE`, `CUSTOMERID`, `ORDEREDNUM`, `DELFEE`, `PAYMENT`, `PAYMENTMETHOD`, `ORDEREDSTATS`, `ORDEREDREMARKS`, `CLAIMEDADTE`, `HVIEW`, `USERID`) VALUES
(4, '2021-03-29 06:16:58', 10, 95, 50, 249, 'Cash on Delivery', 'Pending', 'Your order is on process.', '0000-00-00 00:00:00', 0, 0),
(5, '2021-03-31 05:56:11', 14, 96, 0, 500, 'Cash on Delivery', 'Confirmed', 'Your order has been confirmed.', '2021-03-31 00:00:00', 0, 0),
(6, '2021-05-26 02:49:52', 15, 98, 0, 400, 'COD', 'Cancelled', 'Your order has been cancelled due to lack of communication and incomplete information.', '0000-00-00 00:00:00', 0, 0),
(7, '2021-05-26 03:02:38', 15, 99, 0, 400, 'COD', 'Tertunda', 'Pesananmu Dalam Proses', '0000-00-00 00:00:00', 0, 0),
(8, '2021-05-26 03:07:30', 15, 100, 0, 400, 'COD', 'Tertunda', 'Pesananmu Dalam Proses', '0000-00-00 00:00:00', 0, 0);

-- --------------------------------------------------------

--
-- Table structure for table `tbluseraccount`
--

CREATE TABLE `tbluseraccount` (
  `USERID` int(11) NOT NULL,
  `U_NAME` varchar(122) NOT NULL,
  `U_USERNAME` varchar(122) NOT NULL,
  `U_PASS` varchar(122) NOT NULL,
  `U_ROLE` varchar(30) NOT NULL,
  `USERIMAGE` varchar(255) NOT NULL
) ENGINE=InnoDB DEFAULT CHARSET=latin1;

--
-- Dumping data for table `tbluseraccount`
--

INSERT INTO `tbluseraccount` (`USERID`, `U_NAME`, `U_USERNAME`, `U_PASS`, `U_ROLE`, `USERIMAGE`) VALUES
(130, 'Admin DigiPrint', 'projek', '5032cb4af0ced8a87b15e19fc8ec9c702e8b710c', 'Administrator', '');

-- --------------------------------------------------------

--
-- Table structure for table `tblwishlist`
--

CREATE TABLE `tblwishlist` (
  `id` int(11) NOT NULL,
  `CUSID` int(11) NOT NULL,
  `PROID` int(11) NOT NULL,
  `WISHDATE` date NOT NULL,
  `WISHSTATS` text NOT NULL
) ENGINE=InnoDB DEFAULT CHARSET=latin1;

--
-- Dumping data for table `tblwishlist`
--

INSERT INTO `tblwishlist` (`id`, `CUSID`, `PROID`, `WISHDATE`, `WISHSTATS`) VALUES
(3, 11, 201737, '2021-03-30', '0'),
(4, 15, 201737, '2021-05-26', '0');

--
-- Indexes for dumped tables
--

--
-- Indexes for table `messagein`
--
ALTER TABLE `messagein`
  ADD PRIMARY KEY (`Id`);

--
-- Indexes for table `messagelog`
--
ALTER TABLE `messagelog`
  ADD PRIMARY KEY (`Id`),
  ADD KEY `IDX_MessageId` (`MessageId`,`SendTime`);

--
-- Indexes for table `messageout`
--
ALTER TABLE `messageout`
  ADD PRIMARY KEY (`Id`),
  ADD KEY `IDX_IsRead` (`IsRead`);

--
-- Indexes for table `tblautonumber`
--
ALTER TABLE `tblautonumber`
  ADD PRIMARY KEY (`ID`);

--
-- Indexes for table `tblcategory`
--
ALTER TABLE `tblcategory`
  ADD PRIMARY KEY (`CATEGID`);

--
-- Indexes for table `tblcustomer`
--
ALTER TABLE `tblcustomer`
  ADD PRIMARY KEY (`CUSTOMERID`);

--
-- Indexes for table `tblorder`
--
ALTER TABLE `tblorder`
  ADD PRIMARY KEY (`ORDERID`),
  ADD KEY `USERID` (`USERID`),
  ADD KEY `PROID` (`PROID`),
  ADD KEY `ORDEREDNUM` (`ORDEREDNUM`);

--
-- Indexes for table `tblproduct`
--
ALTER TABLE `tblproduct`
  ADD PRIMARY KEY (`PROID`),
  ADD KEY `CATEGID` (`CATEGID`);

--
-- Indexes for table `tblpromopro`
--
ALTER TABLE `tblpromopro`
  ADD PRIMARY KEY (`PROMOID`),
  ADD UNIQUE KEY `PROID` (`PROID`);

--
-- Indexes for table `tblsetting`
--
ALTER TABLE `tblsetting`
  ADD PRIMARY KEY (`SETTINGID`);

--
-- Indexes for table `tblstockin`
--
ALTER TABLE `tblstockin`
  ADD PRIMARY KEY (`STOCKINID`),
  ADD KEY `PROID` (`PROID`,`USERID`),
  ADD KEY `USERID` (`USERID`);

--
-- Indexes for table `tblsummary`
--
ALTER TABLE `tblsummary`
  ADD PRIMARY KEY (`SUMMARYID`),
  ADD UNIQUE KEY `ORDEREDNUM` (`ORDEREDNUM`),
  ADD KEY `CUSTOMERID` (`CUSTOMERID`),
  ADD KEY `USERID` (`USERID`);

--
-- Indexes for table `tbluseraccount`
--
ALTER TABLE `tbluseraccount`
  ADD PRIMARY KEY (`USERID`);

--
-- Indexes for table `tblwishlist`
--
ALTER TABLE `tblwishlist`
  ADD PRIMARY KEY (`id`);

--
-- AUTO_INCREMENT for dumped tables
--

--
-- AUTO_INCREMENT for table `messagein`
--
ALTER TABLE `messagein`
  MODIFY `Id` int(11) NOT NULL AUTO_INCREMENT, AUTO_INCREMENT=7;

--
-- AUTO_INCREMENT for table `messagelog`
--
ALTER TABLE `messagelog`
  MODIFY `Id` int(11) NOT NULL AUTO_INCREMENT, AUTO_INCREMENT=28;

--
-- AUTO_INCREMENT for table `messageout`
--
ALTER TABLE `messageout`
  MODIFY `Id` int(11) NOT NULL AUTO_INCREMENT;

--
-- AUTO_INCREMENT for table `tblautonumber`
--
ALTER TABLE `tblautonumber`
  MODIFY `ID` int(11) NOT NULL AUTO_INCREMENT, AUTO_INCREMENT=3;

--
-- AUTO_INCREMENT for table `tblcategory`
--
ALTER TABLE `tblcategory`
  MODIFY `CATEGID` int(11) NOT NULL AUTO_INCREMENT, AUTO_INCREMENT=21;

--
-- AUTO_INCREMENT for table `tblcustomer`
--
ALTER TABLE `tblcustomer`
  MODIFY `CUSTOMERID` int(11) NOT NULL AUTO_INCREMENT, AUTO_INCREMENT=16;

--
-- AUTO_INCREMENT for table `tblorder`
--
ALTER TABLE `tblorder`
  MODIFY `ORDERID` int(11) NOT NULL AUTO_INCREMENT, AUTO_INCREMENT=9;

--
-- AUTO_INCREMENT for table `tblpromopro`
--
ALTER TABLE `tblpromopro`
  MODIFY `PROMOID` int(11) NOT NULL AUTO_INCREMENT, AUTO_INCREMENT=10;

--
-- AUTO_INCREMENT for table `tblsetting`
--
ALTER TABLE `tblsetting`
  MODIFY `SETTINGID` int(11) NOT NULL AUTO_INCREMENT, AUTO_INCREMENT=3;

--
-- AUTO_INCREMENT for table `tblstockin`
--
ALTER TABLE `tblstockin`
  MODIFY `STOCKINID` int(11) NOT NULL AUTO_INCREMENT, AUTO_INCREMENT=8;

--
-- AUTO_INCREMENT for table `tblsummary`
--
ALTER TABLE `tblsummary`
  MODIFY `SUMMARYID` int(11) NOT NULL AUTO_INCREMENT, AUTO_INCREMENT=9;

--
-- AUTO_INCREMENT for table `tbluseraccount`
--
ALTER TABLE `tbluseraccount`
  MODIFY `USERID` int(11) NOT NULL AUTO_INCREMENT, AUTO_INCREMENT=131;

--
-- AUTO_INCREMENT for table `tblwishlist`
--
ALTER TABLE `tblwishlist`
  MODIFY `id` int(11) NOT NULL AUTO_INCREMENT, AUTO_INCREMENT=5;
COMMIT;

/*!40101 SET CHARACTER_SET_CLIENT=@OLD_CHARACTER_SET_CLIENT */;
/*!40101 SET CHARACTER_SET_RESULTS=@OLD_CHARACTER_SET_RESULTS */;
/*!40101 SET COLLATION_CONNECTION=@OLD_COLLATION_CONNECTION */;
